team|player|role|estimated_elo_impact|reason
France|Kylian Mbappe|Elite attacker|-85|Primary attacking threat and transition creator
Argentina|Lionel Messi|Creator and finisher|-70|Chance creation and finishing impact
Norway|Erling Haaland|Elite striker|-75|High goal dependency
England|Jude Bellingham|Midfield engine|-55|Chance creation and defensive transition value
Brazil|Vinicius Junior|Elite winger|-60|Shot creation and ball progression
Portugal|Cristiano Ronaldo|Striker|-35|Finishing and box presence
Spain|Rodri|Defensive midfielder|-65|Possession control and transition defense
Germany|Jamal Musiala|Creator|-45|Chance creation and line breaking
Netherlands|Virgil van Dijk|Defensive anchor|-50|Back-line organization and aerial dominance
Belgium|Kevin De Bruyne|Creator|-55|Chance creation and passing progression
United States|Christian Pulisic|Primary attacker|-45|Chance creation and attacking dependency
Mexico|Santiago Gimenez|Striker|-35|Goal threat and attacking focal point
Canada|Alphonso Davies|Wide creator|-45|Progression recovery pace and left-side creation
Uruguay|Federico Valverde|Midfield engine|-50|Press resistance and transition control
Colombia|Luis Diaz|Elite winger|-45|Shot creation and attacking width
Croatia|Luka Modric|Midfield controller|-40|Tempo control and possession structure
